{"cameraMode":{"drawMode":0,"name":"Shaded","section":"Shading Mode"},"sceneLighting":true,"audioPlay":false,"sceneViewState":{"showFog":true,"showMaterialUpdate":false,"showSkybox":true,"showFlares":true,"showImageEffects":true,"showParticleSystems":true},"in2DMode":false,"pivot":{"x":-0.7509806156158447,"y":2.0764591693878176,"z":-0.9581155776977539},"rotation":{"x":-0.12989839911460877,"y":-0.09000202268362045,"z":0.011844631284475327,"w":-0.9873697757720947},"size":13.723721504211426,"orthographic":false}