{"cameraMode":{"drawMode":0,"name":"Shaded","section":"Shading Mode"},"sceneLighting":true,"audioPlay":false,"sceneViewState":{"showFog":true,"showMaterialUpdate":false,"showSkybox":true,"showFlares":true,"showImageEffects":true,"showParticleSystems":true},"in2DMode":false,"pivot":{"x":0.13742849230766297,"y":0.042836591601371768,"z":0.9920570254325867},"rotation":{"x":-0.046183764934539798,"y":0.9038958549499512,"z":-0.10102606564760208,"w":-0.4131205677986145},"size":3.7401621341705324,"orthographic":false}